sample_index;task_name;task_instance_id;input_query;dataset_eval1_answer;output
21;rare_disease_diagnosis;52;Task: given a patient's phenotypes and a list of candidate genes, diagnose the rare disease that the patient has. Phenotypes: HP:0000347, HP:0000411, HP:0000378, HP:0002558, HP:0000625, HP:0000202, HP:0000448 Candidate genes: ['ENSG00000102967'] Output format: {'disease_name': XXX, 'OMIM_ID': XXX};"{""disease_name"": ""Postaxial acrofacial dysostosis"", ""OMIM_ID"": ""263750""}";{'disease_name': 'Miller syndrome (postaxial acrofacial dysostosis)', 'OMIM_ID': '263750'}
22;lab_bench_dbqa;419;The following is a multiple choice question about biology. Please answer by responding with the letter of the correct answer. Question: According to ClinVar, which of the following sequences is most likely to contain a pathogenic variant? Options: A.MVQKSRNGGVYPGPSGEKKLKVGFVGLDPGAPDSTRDGALLIAGSEAPKRGSILSKPRAGGAGAGKPPKRNAFYRKLQNFLYNVLERPRGWAFIYHAYVFLLVFSCLVLSVFSTIKEYEKSSEGALYILEIVTIVVFGVEYFVRIWAAGCCCRYRGWRGRLKFARKPFCVIDIMVLIASIAVLAAGSQGNVFATSALRSLRFLQILRMIRMDRRGGTWKLLGSVVYAHSKELVTAWYIGFLCLILASFLVYLAEKGENDHFDTYADALWWGLITLTTIGYGDKYPQTWNGRLLAATFTLIGVSFFALPAGILGSGFALKVQEQHRQKHFEKRRNPAAGLIQSAWRFYATNLSRTDLHSTWQYYERTVTVPMYSSQTQTYGASRLIPPLNQLELLRNLKSKSGLAFRKDPPPEPSPSKGSPCRGPLCGCCPGRSSQKVSLKDRVFSSPRGVAAKGKGSPQAQTVRRSPSADQSLEDSPSKVPKSWSFGDRSRARQAFRIKGAASRQNSEEASLPGEDIVDDKSCPCEFVTEDLTPGLKVSIRAVCVMRFLVSKRKFKESLRPYDVMDVIEQYSAGHLDMLSRIKSLQSRVDQIVGRGPAITDKDRTKGPAEAELPEDPSMMGRLGKVEKQVLSMEKKLDFLVNIYMQRMGIPPTETEAYFGAKEPEPAPPYHSPEDSREHVDRHGCIVKIVRSSSSTGQKNFSAPPAAPPVQCPPSTSWQPQSHPRQGHGTSPVGDHGSLVRIPPPPAHERSLSAYGGGNRASMEFLRQEDTPGCRPPEGNLRDSDTSISIPSVDHEELERSFSGFSISQSKENLDALNSCYAAVAPCAKVRPYIAEGESDTDSDLCTPCGPPPRSATGEGPFGDVGWAGPSK B.MVQKSRNGGVYPGPSGEKKLKVGFVGLDPGAPDSTRDGALLIAGSEAPKRGSILSKPRAGGAGAGKPPKRNAFYRKLQNFLYNVLERPRGWAFIYHAYVFLLVFSCLVLSVFSTIKEYEKSSEGALYILEIVTIVVFGVEYFVRIWAAGCCCRYRGWRGRLKFARKPFCVIDIMVLIASIAVLAAGSQGNVFATSALRSLRFLQILRMIRMDRRGGTWKLLGSVVYAHSKELVTAWYIGFLCLILASFLVYLAEKGENDHFDTYADALWWGLITLTTIGYGDKYPQTWNGRLLAATFTLIGVSFFALPAGILGSGFALKVQEQHRQKHFEKRRNPAAGLIQSAWRFYATNLSRTDLHSTWQYYERTVTVPMYSSQTQTYGASRLIPPLNQLELLRNLKSKSGLAFRKDPPPEPSPSKGSPCRGPLCGCCPGRSSQKVSLKDRVFSSPRGVAAKGKGSPQAQTVRRSPSADQSLEDSPSKVPKSWSFGDRSRARQAFRIKGAASRQNSEEASLPGEDIVDDKSCPCEFVTEDLTPGLKVSIRAVCVMRFLVSKRKFKESLRPYDVMDVIEQYSAGHLDMLSRIKSLQSRVDQIVGRGPAITDKDRTKGPAEAELPEDPSMMGRLGKVEKQVLSMEKKLDFLVNIYMQRMGIPPTETEAYFGAKEPEPAPPYHSPEDSREHVDRHGCIVKIVRSSSSTGQKNFSAPPAAPPVQCPPSTSWQPQSHPRQGHGTSPVGDHGSLVRIPPPPAHERSLSAYGGGNRASMEFLRQEDTPGCRPPEGNLRDSDTSISIPSVDHEELERSFSGFSISQSKENLDALNSCYAAVAPCAKVRPYIAEGESDTDSDLCTPCGPPPRSATGEGPFGDVGWAGPRK C.Insufficient information to answer the question. D.MVQKSRNGGVYPGPSGEKKLKVGFVGLDPGAPDSTRDGALLIAGSEAPKRGSILSKPRAGGAGAGKPPKRNAFYRKLQNFLYNVLERPRGWAFIYHAYVFLLVFSCLVLSVFSTIKEYEKSSEGALYILEIVTIVVFGVEYFVRIWAAGCCCRYRGWRGRLKFARKPFCVIDIMVLIASIAVLAAGSQGNVFATSALRSLRFLQILRMIRMDRRGGTWKLLGSVVYAHSKELVTAWYIGFLCLILASFLVYLAEKGENDHFDTYADALWWGLITLTTIGYGDKYPQTWNGRLLAATFTLIGVSFFALPAGILGSGFALKVQEQHRQKHFEKRRNPAAGLIQSAWRFYATNLSRTDLHSTWQYYERTVTVPMYSSQTQTYGASRLIPPLNQLELLRNLKSKSGLAFRKDPPPEPSPSKGSPCRGPLCGCCPGRSSQKVSLKDRVFSSPRGVAAKGKGSPQAQTVRRSPSADQSLEDSPSKVPKSWSFGDRSRARQAFRIKGAASRQNSEEASLPGEDIVDDKSCPCEFVTEDLTPGLKVSIRAVCVMRFLVSKRKFKESLRPYDVMDVIEQYSAGHLDMLSRIKSLQSRVDQIVGRGPAITDKDRTKGPAEVELPEDPSMMGRLGKVEKQVLSMEKKLDFLVNIYMQRMGIPPTETEAYFGAKEPEPAPPYHSPEDSREHVDRHGCIVKIVRSSSSTGQKNFSAPPAAPPVQCPPSTSWQPQSHPRQGHGTSPVGDHGSLVRIPPPPAHERSLSAYGGGNRASMEFLRQEDTPGCRPPEGNLRDSDTSISIPSVDHEELERSFSGFSISQSKENLDALNSCYAAVAPCAKVRPYIAEGESDTDSDLCTPCGPPPRSATGEGPFGDVGWAGPRK E.MVQKSRNGGVYPGPSGEKKLKVGFVGLDPGAPDSTRDGALLIAGSEAPKRGSILSKPRAGGAGAGKPPKRNAFYRKLQNFLYNVLERPRGWAFIYHAYVFLLVFSCLVLSVFSTIKEYEKSSEGALYILEIVTIVVFGVEYFVRIWAAGCCCRYRGWRGRLKFARKPFCVIDIMVLIASIAVLAAGSQGNVFATSALRSLRFLQILRMIRMDRRGGTWKLLGSVVYAHSKELVTAWYIGFLCLILASFLVYLAEKGENDHFDTYADALWWGLITLTTIGYGDKYPQTWNGRLLAATFTLIGVSFFALPAGILGSGFALKVQEQHRQKHFEKRRNPAAGLIQSAWRFYATNLSRTDLHSTWQYYERTVTVPMYSSQTQTYGASRLIPPLNQLELLRNLKSKSGLAFRKDPPPEPSPSKVSPCRGPLCGCCPGRSSQKVSLKDRVFSSPRGVAAKGKGSPQAQTVRRSPSADQSLEDSPSKVPKSWSFGDRSRARQAFRIKGAASRQNSEEASLPGEDIVDDKSCPCEFVTEDLTPGLKVSIRAVCVMRFLVSKRKFKESLRPYDVMDVIEQYSAGHLDMLSRIKSLQSRVDQIVGRGPAITDKDRTKGPAEAELPEDPSMMGRLGKVEKQVLSMEKKLDFLVNIYMQRMGIPPTETEAYFGAKEPEPAPPYHSPEDSREHVDRHGCIVKIVRSSSSTGQKNFSAPPAAPPVQCPPSTSWQPQSHPRQGHGTSPVGDHGSLVRIPPPPAHERSLSAYGGGNRASMEFLRQEDTPGCRPPEGNLRDSDTSISIPSVDHEELERSFSGFSISQSKENLDALNSCYAAVAPCAKVRPYIAEGESDTDSDLCTPCGPPPRSATGEGPFGDVGWAGPRK You MUST include the letter of the correct answer within the following tags: [ANSWER] and [/ANSWER]. For example, '[ANSWER]<answer>[/ANSWER]', where <answer> is the correct letter. Always answer in exactly this format of a single letter between the two tags, even if you are unsure. We require this because we use automatic parsing.;B;[ANSWER]C[/ANSWER]
23;gwas_variant_prioritization;21;Your task is to identify the most promising variant associated wtih a given GWAS phenotype for futher examination. From the list, prioritize the top associated variant (matching one of the given variant). GWAS phenotype: L-Acetylcarnitine|Hexanoylcarnitine Variants: rs4587594, rs558971, rs10903129, rs4503368, rs7529794, rs2547231, rs154657, rs4949874, rs9392556, rs1395, rs2073547;rs4949874;No variant from the provided list can be evidence-prioritized as the “top associated” GWAS signal for L-Acetylcarnitine|Hexanoylcarnitine using the retrieved documents. The necessary per-variant association statistics (p-values/effects for the candidate rsIDs) were not present in the accessible texts/tables
24;lab_bench_dbqa;251;The following is a multiple choice question about biology. Please answer by responding with the letter of the correct answer. Question: Which of the following genes has a DYRK1A binding site located within its promoter region (-1000,+100 bp around its TSS) according to the Gene Transcription Regulation Database? Options: A.AGAP1 B.RAMAC C.GRIN3B D.Insufficient information to answer the question. E.MACROD1 You MUST include the letter of the correct answer within the following tags: [ANSWER] and [/ANSWER]. For example, '[ANSWER]<answer>[/ANSWER]', where <answer> is the correct letter. Always answer in exactly this format of a single letter between the two tags, even if you are unsure. We require this because we use automatic parsing.;B;[ANSWER]D[/ANSWER]
25;lab_bench_seqqa;571;The following is a multiple choice question about biology. Please answer by responding with the letter of the correct answer. Question: How many fragments should I expect to see when I digest the sequence CATATGTTTGGGTTTTTAGGATAGATCCAATCACAGCGGCCCCTCGTACGGTCGCCGGATCGTGTTTCAACCGGCGTACGAATGCTAAGTGGCCAAAATCAGACGGCGAACGACGATGTCACGACACCTCGCATGTCACAATTATGGGAGCACGCTGTTAATACAGCGCAGTGACCGGGCGCCGATAAGCAAGCACAGCACCGACAACTGGCAATAGCTGGACAGTATTGAGGAAGAAGGCTCGCGAAGAAACTATCATCAAGGGCTAGAATCTTCAATAGCACAATCGATGTGACCTGGGTTTAAGTTCCCATGCCTGGGTGCTGATTAAAAGCTACTCATCATTCTAAGATCCCGTCTTCTGCTCGGTTATATTTCCCTAATTCGGGACATACCGTTTAAATATCCGAGCAAATTCCATTGTCACAGGGACAGGTCATAATGTGGCAGACAGCCGATATAAGGGGCCCGTGAGGCCATTGCTGAAGAGTGACGTGTCATTGCCGGGTCGCCCAGGACCCGGGAGAATTTGCTGGAGCGACACGATTGGCGCCCAACAGTCGGCCCAGTCATCAAGTTGAATAGCGCGGGAGGTCCAAAACTTTTCAAAGCGGACGATAATTGGTTGTGTCCGTAAATGATGAACTCGGCGCGGCGGAGGATCGTCAACGGGTAGGGGTAGTGTCTATTCCGGGGCCAACACATTGTTGCGATACTAGAGTTTATTCGGGCGGGGAACTCTAAATTGTGGGCCTTGCAATAGTGTTCCTCCTTTGGCGTACCGCGCGATCATTGATGCTACCCTTGATAGGGGAAAGCCATATATCAGGTCCTGTAAGTCCTTATAAGATCAATGTAGGAATAGGTGAGGCCGGTAAGGGCGCCCAGGCGATTGTACAAATATGACTAGATCGCCACAGGAGCGGGGAGAGATCAGTTTAACTTGGACCTGCTAACTGAGACCGGTCCAACTTGAGTACTACGAACGGTTAATCTGCGT with the enzymes BstH2I? Options: A.4 B.6 C.Insufficient information to answer the question. D.5 E.3 F.2 You MUST include the letter of the correct answer within the following tags: [ANSWER] and [/ANSWER]. For example, '[ANSWER]<answer>[/ANSWER]', where <answer> is the correct letter. Always answer in exactly this format of a single letter between the two tags, even if you are unsure. We require this because we use automatic parsing.;A;[ANSWER]F[/ANSWER]
26;gwas_causal_gene_opentargets;642;Your task is to identify likely causal genes within a locus for a given GWAS phenotype. From the list, provide only the likely causal gene (matching one of the given genes). Identify the causal gene. GWAS phenotype: Skin changes due to chronic exposure to nonionizing radiation Genes in locus: {ANKRD11},{CDK10},{CHMP1A},{CPNE7},{DBNDD1},{DEF8},{DPEP1},{ENSG00000198211},{FANCA},{GAS8},{MC1R},{PRDM7},{RPL13},{SPATA2L},{SPATA33},{SPG7},{SPIRE2},{TCF25},{TUBB3},{VPS9D1},{ZNF276};MC1R;MC1R
27;lab_bench_dbqa;134;The following is a multiple choice question about biology. Please answer by responding with the letter of the correct answer. Question: Which of the following genes is most likely contained in the gene set MP_INCREASED_CARCINOMA_INCIDENCE, which contains mouse genes annotated to increased carcinoma incidence (MP:0002038) retrieved from the Mouse Genome Informatics database via MouseMine Options: A.Cdkn2a B.Plg C.Tnfrsf14 D.Ggta1 E.Insufficient information to answer the question. You MUST include the letter of the correct answer within the following tags: [ANSWER] and [/ANSWER]. For example, '[ANSWER]<answer>[/ANSWER]', where <answer> is the correct letter. Always answer in exactly this format of a single letter between the two tags, even if you are unsure. We require this because we use automatic parsing.;A;[ANSWER]A[/ANSWER]
28;gwas_causal_gene_opentargets;745;Your task is to identify likely causal genes within a locus for a given GWAS phenotype. From the list, provide only the likely causal gene (matching one of the given genes). Identify the causal gene. GWAS phenotype: D-dimer levels (D dimer measurement) Genes in locus: {ATP1B1},{BLZF1},{C1orf112},{CCDC181},{F5},{KIFAP3},{METTL18},{NME7},{SCYL3},{SELE},{SELL},{SELP},{SLC19A2};F5;F5
29;gwas_causal_gene_pharmaprojects;1453;Your task is to identify likely causal genes within a locus for a given GWAS phenotype. From the list, provide only the likely causal gene (matching one of the given genes). Identify the causal gene. GWAS phenotype: Diabetes Mellitus, Type 2 Genes in locus: {MKRN2},{MKRN2OS},{PPARG},{RAF1},{SYN2},{TAMM41},{TIMP4},{TSEN2},{VGLL4};PPARG;PPARG
30;lab_bench_seqqa;417;The following is a multiple choice question about biology. Please answer by responding with the letter of the correct answer. Question: I want to clone a gene with the sequence ATGAGTAAAAGCCGCTTAACGGTGTTTAGTTTCGTTCGCCGTTTTCTTTTGCGGTTAATGGTTGTCCTCGCCGTTTTCTGGGGCGGGGGCATCGCGTTGTTTAGCGTTGCGCCTGTTCCCTTCTCAGCGGTAATGGTCGAGCGACAGGTCAGCGCCTGGCTGCATGGCAATTTTCGTTACGTGGCACATTCTGACTGGGTCAGTATGGATCAAATCTCGCCGTGGATGGGACTGGCGGTGATTGCCGCAGAAGATCAGAAATTTCCTGAGCACTGGGGCTTTGATGTCGCTTCCATTGAGAAAGCCCTGGCGCACAACGAGCGCAATGAAAACCGTATTCGCGGTGCTTCAACGATTTCTCAACAGACAGCCAAAAATCTCTTTTTATGGGATGGGCGTAGCTGGGTTCGAAAAGGGCTGGAAGCCGGATTAACGCTGGGGATAGAAACGGTCTGGAGCAAAAAGCGTATCCTGACGGTTTACCTGAATATCGCCGAATTTGGCGACGGTGTGTTTGGCGTCGAAGCTGCGGCACAACGTTATTTCCACAAACCCGCGAGCAAACTTACCCGGTCGGAAGCTGCATTACTGGCAGCTGTATTACCTAATCCACTTCGTTTCAAAGTCTCCTCGCCATCGGGCTACGTGCGTAGCCGTCAGGCGTGGATTTTACGGCAGATGTATCAGTTAGGCGGTGAGCCGTTTATGCAACAACACCAGCTGGATTAA into the pUC19 plasmid using restriction-ligation cloning. Which of the following primer pairs should I use to do the cloning with the enzymes XmaI and EcoRI? Options: A.AAGCTTATGAGTAAAAGCCGCTTAACGGTG, GAATTCTTAATCCAGCTGGTGTTGTTGCA B.CCCGGGATGAGTAAAAGCCGCTTAACGGTG, GAATTCTTAATCCAGCTGGTGTTGTTGCA C.CCCGGGATGTGAGTAAAAGCCGCTTAACGGTGTTTA, GAATTCTAATCCAGCTGGTGTTGTTGCATAA D.CCCGGGATGGCGGAAAGCTTTACGACGACTAA, GAATTCTTAATCGTCAGAATCGGTGTAGTC E.Insufficient information to answer the question. You MUST include the letter of the correct answer within the following tags: [ANSWER] and [/ANSWER]. For example, '[ANSWER]<answer>[/ANSWER]', where <answer> is the correct letter. Always answer in exactly this format of a single letter between the two tags, even if you are unsure. We require this because we use automatic parsing.;B;[ANSWER]B[/ANSWER]
