"sample_index","task_name","task_instance_id","input_query","dataset_eval1_answer"
"1","lab_bench_dbqa","387","The following is a multiple choice question about biology. Please answer by responding with the letter of the correct answer. Question: According to ClinVar, which of the following sequences is most likely to be benign? Options: A.MADEKTFRIGFIVLGLFLLALGTFLMSHDRPQVYGTFYAMGSVMVIGGIIWSMCQCYPKITFVPADSDFQGILSPKAMGLLENGLAAEMKSPSPQPPYVRLWEEAAYDQSLPDFSHIQMKVMSYSEDHRSLLAPEMGQPKLGTSDGGEGGPGDVQAWMEAAVVIHKGSDESEGERRLTQSWPGPLACPQGPAPLASFQDDLDMDSSEGSSPNASPHDREEACSPQQEPQGCRCPLDRFQDFALIDAPTLEDEPQEGQQWEIALPNNWQRYPRTKVEEKEASDTGGEEPEKEEEDLYYGLPDGAGDLLPDKELGFEPDTQG B.MADEKTFRIGFIVLGLFLLALGTFLMSHDRPQVYGTFYAMGSVMVIRGIIWSMCQCYPKITFVPADSDFQGILSPKAMGLLENGLAAEMKSPSPQPPYVRLWEEAAYDQSLPDFSHIQMKVMSYSEDHRSLLAPEMGQPKLGTSDGGEGGPGDVQAWMEAAVVIHKGSDESEGERRLTQSWPGPLACPQGPAPLASFQDDLDMDSSEGSSPNASPHDREEACSPQQEPQGCRCPLDRFQDFALIDAPTLEDEPQEGQQWEIALPNNWQRYPRTKVEEKEASDTGGEEPEKEEEDLYYGLPDGAGDLLPDKELGFEPDTQG C.MADEKTFWIGFIVLGLFLLALGTFLMSHDRPQVYGTFYAMGSVMVIGGIIWSMCQCYPKITFVPADSDFQGILSPKAMGLLENGLAAEMKSPSPQPPYVRLWEEAAYDQSLPDFSHIQMKVMSYSEDHRSLLAPEMGQPKLGTSDGGEGGPGDVQAWMEAAVVIHKGSDESEGERRLTQSWPGPLACPQGPAPLASFQDDLDMDSSEGSSPNASPHDREEACSPQQEPQGCRCPLDRFQDFALIDAPTLEDEPQEGQQWEIALPNNWQRYPRTKVEEKEASDTGGEEPEKEEEDLYYGLPDGAGDLLPDKELGFEPDTQG D.MADEKTFRIGFIVLGLFLLALGTFLMSHDRPQLYGTFYAMGSVMVIGGIIWSMCQCYPKITFVPADSDFQGILSPKAMGLLENGLAAEMKSPSPQPPYVRLWEEAAYDQSLPDFSHIQMKVMSYSEDHRSLLAPEMGQPKLGTSDGGEGGPGDVQAWMEAAVVIHKGSDESEGERRLTQSWPGPLACPQGPAPLASFQDDLDMDSSEGSSPNASPHDREEACSPQQEPQGCRCPLDRFQDFALIDAPTLEDEPQEGQQWEIALPNNWQRYPRTKVEEKEASDTGGEEPEKEEEDLYYGLPDGAGDLLPDKELGFEPDTQG E.Insufficient information to answer the question. You MUST include the letter of the correct answer within the following tags: [ANSWER] and [/ANSWER]. For example, '[ANSWER]<answer>[/ANSWER]', where <answer> is the correct letter. Always answer in exactly this format of a single letter between the two tags, even if you are unsure. We require this because we use automatic parsing.","A"
"2","screen_gene_retrieval","259","Your task is to identify the gene with the strongest perturbation effect for the following research context: I hope to study the mechanisms by which THP-1 monocytic leukemia cells develop increased resistance to Dinaciclib when exposed to a dosage of 10.0 nM over a 21-day period, thereby identifying potential genetic or biochemical pathways involved in drug resistance. From the following list of candidate genes, select the ONE gene that would have the strongest perturbation effect in this experimental context: Candidate genes: HSD17B6, CWF19L2, NPAP1, DHODH, CORO1C, TRIM8, TIMP2, PDCD6, LRRC61, TAF5L, PNN Output only the gene symbol of your choice, e.g., BRCA1","DHODH"
"3","gwas_variant_prioritization","88","Your task is to identify the most promising variant associated wtih a given GWAS phenotype for futher examination. From the list, prioritize the top associated variant (matching one of the given variant). GWAS phenotype: 5-Hydroxy-L-tryptophan Variants: rs7700133, rs855791, rs1667255, rs12498742, rs4921914, rs2066938, rs12709013, rs499368, rs646776, rs2160860, rs838876","rs2160860"
"4","gwas_causal_gene_opentargets","27","Your task is to identify likely causal genes within a locus for a given GWAS phenotype. From the list, provide only the likely causal gene (matching one of the given genes). Identify the causal gene. GWAS phenotype: arthrosis of hip (heel bone mineral density) Genes in locus: {APPBP2},{BCAS3},{PPM1D},{TBX2}","TBX4"
"5","lab_bench_seqqa","187","The following is a multiple choice question about biology. Please answer by responding with the letter of the correct answer. Question: I want to clone the torA gene from E. coli into the plasmid pUC19 using restriction-ligation cloning. Which of the following primer pairs should I use to do the cloning with the enzymes SmaI and XmaI? Options: A.CCCGGGATGGAACAATAACGATCTCTTTCAG, CCCGGGCATGATTTCACCTGCGAC B.GGTACCATGAACAATAACGATCTCTTTCAGGCA, GCAGGTTCATGATTTCACCTGCGACGC C.Insufficient information to answer the question. D.CCCGGGATGAACAATAACGATCTCTTTCAGGCA, CCCGGGTCATGATTTCACCTGCGACGC E.CCCGGGATGATGATGATGCAATCGCGAA, CCCGGGTCAGGCATTCCTCTTCTGGCGTTCAA You MUST include the letter of the correct answer within the following tags: [ANSWER] and [/ANSWER]. For example, '[ANSWER]<answer>[/ANSWER]', where <answer> is the correct letter. Always answer in exactly this format of a single letter between the two tags, even if you are unsure. We require this because we use automatic parsing.","D"
"6","lab_bench_seqqa","418","The following is a multiple choice question about biology. Please answer by responding with the letter of the correct answer. Question: I want to clone a gene with the sequence ATGAGTGCCAATGAAAACAACCTGATTTGGATCGATCTTGAGATGACCGGTCTGGATCCCGAGCGCGATCGCATTATTGAGATTGCCACGCTGGTGACCGATGCCAACCTGAATATTCTGGCAGAAGGGCCGACCATTGCAGTACACCAGTCTGATGAACAGCTGGCGCTGATGGATGACTGGAACGTGCGCACCCATACCGCCAGCGGGCTGGTAGAGCGCGTGAAAGCGAGCACGATGGGCGATCGGGAAGCTGAACTGGCAACGCTCGAATTTTTAAAACAGTGGGTGCCTGCGGGAAAATCGCCGATTTGCGGTAACAGCATCGGTCAGGACCGTCGTTTCCTGTTTAAATACATGCCGGAGCTGGAAGCCTACTTCCACTACCGTTATCTCGATGTCAGCACCCTGAAAGAGCTGGCGCGCCGCTGGAAGCCGGAAATTCTGGATGGTTTTACCAAGCAGGGGACGCATCAGGCGATGGATGATATCCGTGAATCGGTGGCGGAGCTGGCTTACTACCGCGAGCATTTTATCAAGCTGTAA into the pUC19 plasmid using restriction-ligation cloning. Which of the following primer pairs should I use to do the cloning with the enzymes XmaI and EcoRI? Options: A.CCCGGGGTGTCAGACACACTCCCCGGGACAACAC, GAATTCTTAATTTTTCATTTCGGGCGTC B.Insufficient information to answer the question. C.GAGCTCATGAGTGCCAATGAAAACAACCTGATT, CCTGCAGGTTACAGCTTGATAAAATGCTCGCGG D.CCCGGGATGAGTGCCAATGAAAACAACCTGATT, GAATTCTTACAGCTTGATAAAATGCTCGCGG E.CCCGGGATGTGAGTGCCAATGAAAACAACCTG, GAATTCACAGCTTGATAAAATGCTC You MUST include the letter of the correct answer within the following tags: [ANSWER] and [/ANSWER]. For example, '[ANSWER]<answer>[/ANSWER]', where <answer> is the correct letter. Always answer in exactly this format of a single letter between the two tags, even if you are unsure. We require this because we use automatic parsing.","D"
"7","lab_bench_seqqa","327","The following is a multiple choice question about biology. Please answer by responding with the letter of the correct answer. Question: Which primer pair could I use to generate a 401 bp amplicon from the following template: TAACTCCGTGACTTATCAAAGAAAGTATGACGAGACCGCTTTTCCAACAGTTGGGGGGTAACTAACGAACCCGGGGGCCCGCATAGGACACATCAAATCCCTGCTCGACCTGTGCGGTCTGGAAAGGGTAGCCTCTGTGCCTCAAACCCGATTATCTGCAGCCTTGCCGTAAGGGGCCCTAGGATGTAAAGATACTCGCGGTGCCCAGTGCTGTCCAGTCATTCCCCCGAAGATGACCGCAACCTATGTTTTTGCCCGTTAGTTGACGCGCATTTAGGGTCTACCCCCCGCAGATGGTCGCTAAGCAGGCCTCGAAGCAGACTCTAATCTTCGTTAACGGGTAATTGGTCGGAGCGCAGCTAGCGGGTCTTCGATGAGCTTTTTATGAGACCCATGCCCACTGCCTCTATATTAGAAGGTCCTATTACAGCGGGCTGGTCGGCCCGGTACTGAAAGTTTTTTTCTTTACCCCTTACTTGGTATCTGGATCTGGTCGGGCCGTGGACTCCCCTCCCGCCGATTTTCACTGAACGTGCTTGTGACCTATAGCAGATGGCATTGTAGTACCGGCTAGTACATCAGTCGGAACCATCTTTTTCCTCTCAAAAGGGTCCCATGTTCTAAGGTTCTTTGTACGAATAGGTGTTGCGAAAAGAAATCCCTGTAACTTTCCTGGACATACGTGAGCTGAGATTCAAGCGTATGAACGTAGTGGGCGGCCTGATCACTGCGGCAACCAATCGCGGTAGGGCATAAATACCGGTACAGCTTGTCAACCTCTTGCCGCGATCACCAGCTCGCCTGTGCCTACGTCGTGCTGCTCATTGACCTCTGCCGTACTCGTTGTTTTCTGGGCAATGGGAGGCAAGTATGATTTCAATTGAGTCACCTAATAGACGGGATCCTGGACTAAGCAGGGATATGTGCAGTGGGGGGCATTGCATCAACTTCATCGCCTTGCGGGCAGACTTAATTTTACCTGTGTCTATCGCTCGTACAT? Options: A.GTCCAGTCATTCCCCCGAAGATGA, TGGGAGGCAAGTATGATTTCAATTGA B.Insufficient information to answer the question. C.ATTTAGGGTCTACCCCCCGCA, GAAAGTTACAGGGATTTCTTTT D.AACGGGTAATTGGTCGGAGCGCA, GTCGGAACCATCTTTTTCCTCTCAAA E.ATTATCTGCAGCCTTGCCGTAAGGG, CGAAAAGAAATCCCTGTAACTTTCCT You MUST include the letter of the correct answer within the following tags: [ANSWER] and [/ANSWER]. For example, '[ANSWER]<answer>[/ANSWER]', where <answer> is the correct letter. Always answer in exactly this format of a single letter between the two tags, even if you are unsure. We require this because we use automatic parsing.","C"
"8","screen_gene_retrieval","88","Your task is to identify the gene with the strongest perturbation effect for the following research context: I hope to study how prolonged exposure to 2.0 ¬µM Apalutamide over a 6-week period affects the development of drug resistance mechanisms in LNCaP prostate cancer cells. By examining changes in cellular response to Apalutamide, we aim to identify potential biomarkers or pathways that contribute to increased drug resistance. From the following list of candidate genes, select the ONE gene that would have the strongest perturbation effect in this experimental context: Candidate genes: AGTR1, IER5L, ACACA, ZBTB17, CLPTM1L, GC, SPINT1, DNAJC5, TLE3, BRWD3, SF3A1 Output only the gene symbol of your choice, e.g., BRCA1","TLE3"
"9","gwas_causal_gene_opentargets","200","Your task is to identify likely causal genes within a locus for a given GWAS phenotype. From the list, provide only the likely causal gene (matching one of the given genes). Identify the causal gene. GWAS phenotype: Prostate carcinoma Genes in locus: {MYC},{POU5F1B}","PVT1"
"10","screen_gene_retrieval","201","Your task is to identify the gene with the strongest perturbation effect for the following research context: I hope to study how negative regulators of autophagy affect protein/peptide accumulation over a 2-week timecourse in HEK293T embryonic kidney cells. This will help in identifying key factors that inhibit autophagy, contributing to our understanding of cellular mechanisms related to protein/peptide homeostasis. From the following list of candidate genes, select the ONE gene that would have the strongest perturbation effect in this experimental context: Candidate genes: MIR3142, OR10P1, EGFP, PARG, USP2, GABARAP, UBE2G2, chr6:31608161-31608305, METTL23, chr11:62301430-62301546, ANTXR1 Output only the gene symbol of your choice, e.g., BRCA1","GABARAP"
"11","gwas_causal_gene_opentargets","540","Your task is to identify likely causal genes within a locus for a given GWAS phenotype. From the list, provide only the likely causal gene (matching one of the given genes). Identify the causal gene. GWAS phenotype: Blood metabolite levels (succinylcarnitine) Genes in locus: {KBTBD8},{SUCLG2}","SUCLG2"
"12","crispr_delivery","42","Given the case description, identify the MOST relevant CRISPR delivery method from the options below: a. Plasmid Transfection b. Lentivirus/Retrovirus c. RNP/mRNA electroporation d. RNP/mRNA microinjection e. mRNA LNP f. AAV Category: Primary cell Case Description: I hope to edit Primary macrophage Please provide your response as follows: - Most relevant method (select one letter a-f):","b"
"13","screen_gene_retrieval","236","Your task is to identify the gene with the strongest perturbation effect for the following research context: I hope to study the cellular mechanisms and genetic factors that contribute to increased resistance to HCoV-OC43 in HEK293T/ACE2 cells over a 23-day exposure period at a dosage of 0.01 MOI. By examining the response to the virus, I aim to identify key pathways and potential therapeutic targets that can enhance resistance to HCoV-OC43. From the following list of candidate genes, select the ONE gene that would have the strongest perturbation effect in this experimental context: Candidate genes: KRTAP19-6, VMP1, MIEF2, TTC30B, MS4A6A, ACAT1, LPCAT1, TRIM16, MANSC4, C19orf44, RP11-468E2.2 Output only the gene symbol of your choice, e.g., BRCA1","VMP1"
"14","lab_bench_dbqa","53","The following is a multiple choice question about biology. Please answer by responding with the letter of the correct answer. Question: Which of the following human genes is located at chr17p13 according to Ensembl Release 110? Options: A.CSHL1 B.SMG6 C.Insufficient information to answer the question. D.AATK E.GAA You MUST include the letter of the correct answer within the following tags: [ANSWER] and [/ANSWER]. For example, '[ANSWER]<answer>[/ANSWER]', where <answer> is the correct letter. Always answer in exactly this format of a single letter between the two tags, even if you are unsure. We require this because we use automatic parsing.","B"
"15","gwas_causal_gene_pharmaprojects","1158","Your task is to identify likely causal genes within a locus for a given GWAS phenotype. From the list, provide only the likely causal gene (matching one of the given genes). Identify the causal gene. GWAS phenotype: Non-alcoholic Fatty Liver Disease Genes in locus: {ACTR6},{ANO4},{BLTP3B},{DEPDC4},{GAS2L3},{NR1H4},{SCYL2},{SLC17A8}","NR1H4"
"16","gwas_variant_prioritization","207","Your task is to identify the most promising variant associated wtih a given GWAS phenotype for futher examination. From the list, prioritize the top associated variant (matching one of the given variant). GWAS phenotype: Testosterone Variants: rs6564851, rs7809234, rs1801725, rs2011069, rs4949874, rs7700133, rs2540641, rs12150660, rs4921914, rs10830963, rs2970818","rs12150660"
"17","gwas_variant_prioritization","160","Your task is to identify the most promising variant associated wtih a given GWAS phenotype for futher examination. From the list, prioritize the top associated variant (matching one of the given variant). GWAS phenotype: Dimethylglycine / L-Alanine Variants: rs3780181, rs3846710, rs8177240, rs6459467, rs4921914, rs17279437, rs2954022, rs499974, rs2110073, rs7343008, rs172642","rs17279437"
"18","screen_gene_retrieval","317","Your task is to identify the gene with the strongest perturbation effect for the following research context: I hope to study the effects of SARS-CoV-2 (isolate USA-WA1/2020) at a dosage of 0.3 MOI on the colorectal cancer cell line HCT 116 over a period of 10 days, with a particular focus on the mechanisms and implications of increased viral programmed ribosomal frameshifting (PRF). This could provide insights into how SARS-CoV-2 manipulates host cell machinery and potentially uncover targets for therapeutic intervention. From the following list of candidate genes, select the ONE gene that would have the strongest perturbation effect in this experimental context: Candidate genes: ZNF704, ZEB1, USP22, GJB5, chr11:3723692-3724122, LZTS2, NAA10, BBS12, SCD, FSIP1, ZNF565 Output only the gene symbol of your choice, e.g., BRCA1","NAA10"
"19","lab_bench_seqqa","32","The following is a multiple choice question about biology. Please answer by responding with the letter of the correct answer. Question: What is the AA encoded at position 53 in the longest ORF contained within the sequence CGAGCAGAGCCGTGCGCTTAGAAACATCACGGTAGACATTCGCACCGCCGTTATGTTCGCCGATCGTTACAATGACTGATGCGCCACAGAAACAGAGAAGTGCGGACTGCTATAGAAGTTCTCACAAAGGGAAGAACCTTTCACGCGAGAAGGGCTCGTATACGTCTTAGAATGCTCACTCCTGCCGGGTGGCCCCGACTCCTTACGGTCTACTATCTGCTTCATTCGTCTAGAGTCTCGGGCACAAAACACCAATACGTTGCTGAGTCTAGGGGGTCACTACAAGCTTGAGAGCCAGCCAGTCTTTCTCGAGAAAAACAGCTCATTCTGAGGATCGGCACGATGAACATGCATCTCTAGACCTTGATCTTATGCAAATCCGGCTTCCTGGCGCTCGAGAATTCGGCATTAATTCCGTCCTGTTCCTGAGGGCAGGAGTGGGACACTGATCTGCACTTGCTGGCCAGGGATTCGCGTGGATCCCCGAAGACACCCGCTATTCGACTTCCTAGTAGGTAGGACGCCCGATAACCGTCCACGGCCTCGCATCGTGGCAAATATTTGGGGGCCACCTTGAGTTCTTCGGACAGTGAACTGTTTGTGTTGTTTACTGCTGGGACCTGTCGTCTCACTCTTCCTCCAGATGAAATCCCAAGCCCAGAAATTTCTAACTTGGCAAAGAGGTATCTTCCTCAGTGGCTCTTTGTATGATCCGTAACTCGTCCTTGAAGGCGCCCTAATTGACTCAGTAACGTTTCGTACCCGACGAGCCAAATCACTGTTACTTGTAGTGCTTAGCCACAGGCTCCGCTCCTGTTGTGTCCGGCGGATGAATCCCTGTTAGTGGGAGCACACCTCGACCACGATGGTTGTGGTAAGCGAAATTGAACAATCCGACAAACACTTGCCTGGGATAATACAATTTCTTCTGCAAACCGACTGACACACCAAGCTTAAATCTCAAGCGGTAAGGACCGTCGATAATTATGTAACCTTTCTCATCGCCGAGGAGTCATTTGTATTCGAGGGGACAGCACCCGCCGCACCCGCTCAGACGACCCGCGACTGGCATGAGTGCGGCGTACCAATCTCACCATAGAACCTAAGTATTAGGTAGGGTTAACGTTCGGTGACCTAGTGGATCAAGTTCCCATTAGGGAGTAAAGTATCATCCTGACGCACCTCGCCCAAAGGCGCCGCTTTCAGGTTTAACGTTTGTTCCTAGCTTGATTAAGGGCTCCCGAGAGGCAATCCAATCTCTCCACTTATGTGTCTGTGTAAAGATTTATCGCTCTTACTCTGTCACACGCTCGAGTGCAGCCAAGGTAACAACCACGCAGTGCCTGTTAATTCGCCCGCTAACCCATAACATGGCCGTGGGGGCTCGGAAAAGTGGGCCTATTCCGCGAGATTTCGAACGGTACTGTCTAAGTAACAACATTCGGTTCGGAGCGCCCGGATGATGAGTATATGGTTTATGCCTTGCTGAGCTACTACTTTAATAATGTATGAACAGTCTACGTTATGCCATTGCTAGGCTAATGCCTGTATTGAGGTCCCGGAATTCACCCAACCGTCTTGCATTTCCAACAATGCAGGAGGAGGTAACAAATCGACTACCCGAAAGTCGCGAATAAACATCATGGTCAGTGGACCGGGTAGTTCAGCGTAAATACAACACCGGCACTAATGCACGGGTGAGATGACATTTAATAGATGAACTCCAAGGCTTAGGACTAAATTAAAGTTCCGATCATAAGCGCGTCTCAGGGGCTTCACTTTTAGTAACAATCTACTCTCGGACGCACGAATACAAGTATAGCATAGGAGCGGCTCTAACAACCGGGAACATGTTCAACGTACGGTATCCAGACCGTATTGGCGCCGTTGCTCGTTCGACAGTATTTTGAAGTGTGACGAACTGGTAAGCGTAGATCGTCCCGGTAGACAGGCTTGATTGCACCCGCTTGGGGCCGCAGGCGCCCGGGCTTTGAAATATACATTGCCGACGTACCTTTTGCTAACAACATCCGCCGACGTCCTAGTCCCGAGTCGAGAAGTATTTGTGACCTTGAAAGCGAGACACTGCCGCCACGATACTTCGTCTTCCTATACCGAGTTCGTGGGTGGAAGTCATATCCGCAAACTGAACTAGCTGTCGCCAGGGCAGCACTTTACGGGTTAATCAACAACCTCCGGGTGCGATAAGTGTAGGTCCATGCCTGGGCGGTACTTGAGGTAGTCCCCCAGCACAAATAGGACTTCTCGTGCAGAACGTTCTGCCGATAGCTGCACTTAGGGGGTAAGCCGATGCCCCGCTGTCTGTTTTTGGTCGTCACTACAGAGTTGAGTCGTGCGCACTTCTCTACCGCGGCTTTTCGGAACCGTGTCGTGGAGCTCCTGCGTTTAAATACCTATGGCAGAACGGTCAATACTAAGCTTGGAGTTTCTCTTTGACAACAATCTAAGTACCTCCTTAGGGGCAATTTGAGTCCTCGCTTGTCAGTCACACTCCGATCCAGCCTATCCTGACGGGGGTCGCTGAGTTGCACCGGTCGTGGCCTTGCCGGACCTTGTGAGGGGTGCCCAATTCCGAATAGCGAAACTAGCCATGTCCAACGAAAATTGGATCGGTGATCAGCATCTTACATTGCGCTGTCACTACAAGCAATTAGTCACGGGAAACCTCGTTACTGGGGCTTC? Options: A.Asn B.Insufficient information to answer the question. C.Serine D.Arginine E.Val You MUST include the letter of the correct answer within the following tags: [ANSWER] and [/ANSWER]. For example, '[ANSWER]<answer>[/ANSWER]', where <answer> is the correct letter. Always answer in exactly this format of a single letter between the two tags, even if you are unsure. We require this because we use automatic parsing.","E"
"20","lab_bench_seqqa","505","The following is a multiple choice question about biology. Please answer by responding with the letter of the correct answer. Question: What is the percent GC of the DNA sequence GGGTCATATATCACGACTATGCGAGATGGAGGCTAGCCATCGACGTAGGGCATTCCGCAAGGCGCGAGTCTTGCGAATACATCTGACAAACTAACGTGTCAGTAAGCAACTGCTGGAGGTGACGGCTCGGGAACCAAAATTTTCCACAAGACCCCGACTCACAGGCCGTTTTTCAACGTACTAACCTTACTCTTCTAAAATCTTTGCTACCCGCGCAAATCTTTTACAGTCCTCGACCTGAAACCCGGCGCGGCCACGACTAACCATAAACCGTGCACGGCTGGAATCGAGGTCGCTTAAGAGAGATGAGAATTTCGGGTCACCCTGTTTTTACACGTGGCTGCTCAGGGTTTATCTAGTATACACTGTGGGTGGGGACAGGGAGTACGCTAACCAACAGCACTAAACCTAGAGCTCAAGAAAGGGAGACGTTTATGATGACAGTACGGAGAAAGCACACAGGCGAATGGTGGCTAGGGCTCGTAGAAGTCCCCTGTCTGTGGTCTATGCGGTGTTTTTAAGTGTAGTGAAACAGCTCTGACCGTATGTGCGTGAGCCCCCGTGTAAAGGTGCAAATGGGAGGCACCCGGTGCCTGGTTACACGGGGCCCAAAGCCGAAGGAATTTGCTCTCGCCTGACAGAAACGAGATGGAGAGGGAAACATCTACATCGACTCGCCCGCTTTAATGGCCACCGTGAACCAATACAACGGCTTATGCTCCAAACGGAGTAGCTCGCGGGCGGGATACACGTAACCTCGTAGGTCACTGAAATCCAGATATTAAAGCGCTCATGGTGGAACTGTAGATAGAGGCAGCCCAAGTTTAGTAACCGTATGGTCCAGAGTGGTTTGGCAGAGGGAACTCAATCGACGTTCGAAAATTCTAAGCGAACGGATCGGTTCATAGAGAAGCTCCGCAAGGAAATACTTGAGTCTTTGAGCGCGTGCTACTGTCTGTGAGACTTCAGCGATAGTTAGGGTCCGATAACTGAACTCACTGACAACCATTGCCCGCGGGGCTGTCTTCTATCCACAGGAGGATACATCGCACGAGGAACTTACCGCGCTAAACACCCGCGAGCTGATACTCCACAGACTGGCCGTGTTCGATACAGGGAACGGTTGTCCAGAATACTCTGGGCGGTACTATCTATCACGTTTTAAATTTGCCATATGGCTCGGCAACCTAGTGTCCAGTTGCTGGGTTATCCACCCCTTGTGCTCCTGAGTGCCGTATACGGGGATGGCACTAGGGAGAGACCTCGCCATTTGTTGTCTTATTCATCCATACGCTGGGTAACAGTCGGATGATTCACAGAGCAGGGAAAGAATGAAAACGCAGTGTGCCCCCGTGGCATATAATTGCTGCAACCTCGGCAACTCATAAAGGTTTGTCACGTGACTTTCAGATGTCGTCATAGCAATTATGGCAGCATAGTCGATTCCCACTCATTAATTTGTTATTTCGCAGTTCATTA? Round to the nearest integer. Options: A.51 B.Insufficient information to answer the question. C.50 D.49 E.25 You MUST include the letter of the correct answer within the following tags: [ANSWER] and [/ANSWER]. For example, '[ANSWER]<answer>[/ANSWER]', where <answer> is the correct letter. Always answer in exactly this format of a single letter between the two tags, even if you are unsure. We require this because we use automatic parsing.","C"
"21","rare_disease_diagnosis","52","Task: given a patient's phenotypes and a list of candidate genes, diagnose the rare disease that the patient has. Phenotypes: HP:0000347, HP:0000411, HP:0000378, HP:0002558, HP:0000625, HP:0000202, HP:0000448 Candidate genes: ['ENSG00000102967'] Output format: {'disease_name': XXX, 'OMIM_ID': XXX}","{""disease_name"": ""Postaxial acrofacial dysostosis"", ""OMIM_ID"": ""263750""}"
"22","lab_bench_dbqa","419","The following is a multiple choice question about biology. Please answer by responding with the letter of the correct answer. Question: According to ClinVar, which of the following sequences is most likely to contain a pathogenic variant? Options: A.MVQKSRNGGVYPGPSGEKKLKVGFVGLDPGAPDSTRDGALLIAGSEAPKRGSILSKPRAGGAGAGKPPKRNAFYRKLQNFLYNVLERPRGWAFIYHAYVFLLVFSCLVLSVFSTIKEYEKSSEGALYILEIVTIVVFGVEYFVRIWAAGCCCRYRGWRGRLKFARKPFCVIDIMVLIASIAVLAAGSQGNVFATSALRSLRFLQILRMIRMDRRGGTWKLLGSVVYAHSKELVTAWYIGFLCLILASFLVYLAEKGENDHFDTYADALWWGLITLTTIGYGDKYPQTWNGRLLAATFTLIGVSFFALPAGILGSGFALKVQEQHRQKHFEKRRNPAAGLIQSAWRFYATNLSRTDLHSTWQYYERTVTVPMYSSQTQTYGASRLIPPLNQLELLRNLKSKSGLAFRKDPPPEPSPSKGSPCRGPLCGCCPGRSSQKVSLKDRVFSSPRGVAAKGKGSPQAQTVRRSPSADQSLEDSPSKVPKSWSFGDRSRARQAFRIKGAASRQNSEEASLPGEDIVDDKSCPCEFVTEDLTPGLKVSIRAVCVMRFLVSKRKFKESLRPYDVMDVIEQYSAGHLDMLSRIKSLQSRVDQIVGRGPAITDKDRTKGPAEAELPEDPSMMGRLGKVEKQVLSMEKKLDFLVNIYMQRMGIPPTETEAYFGAKEPEPAPPYHSPEDSREHVDRHGCIVKIVRSSSSTGQKNFSAPPAAPPVQCPPSTSWQPQSHPRQGHGTSPVGDHGSLVRIPPPPAHERSLSAYGGGNRASMEFLRQEDTPGCRPPEGNLRDSDTSISIPSVDHEELERSFSGFSISQSKENLDALNSCYAAVAPCAKVRPYIAEGESDTDSDLCTPCGPPPRSATGEGPFGDVGWAGPSK B.MVQKSRNGGVYPGPSGEKKLKVGFVGLDPGAPDSTRDGALLIAGSEAPKRGSILSKPRAGGAGAGKPPKRNAFYRKLQNFLYNVLERPRGWAFIYHAYVFLLVFSCLVLSVFSTIKEYEKSSEGALYILEIVTIVVFGVEYFVRIWAAGCCCRYRGWRGRLKFARKPFCVIDIMVLIASIAVLAAGSQGNVFATSALRSLRFLQILRMIRMDRRGGTWKLLGSVVYAHSKELVTAWYIGFLCLILASFLVYLAEKGENDHFDTYADALWWGLITLTTIGYGDKYPQTWNGRLLAATFTLIGVSFFALPAGILGSGFALKVQEQHRQKHFEKRRNPAAGLIQSAWRFYATNLSRTDLHSTWQYYERTVTVPMYSSQTQTYGASRLIPPLNQLELLRNLKSKSGLAFRKDPPPEPSPSKGSPCRGPLCGCCPGRSSQKVSLKDRVFSSPRGVAAKGKGSPQAQTVRRSPSADQSLEDSPSKVPKSWSFGDRSRARQAFRIKGAASRQNSEEASLPGEDIVDDKSCPCEFVTEDLTPGLKVSIRAVCVMRFLVSKRKFKESLRPYDVMDVIEQYSAGHLDMLSRIKSLQSRVDQIVGRGPAITDKDRTKGPAEAELPEDPSMMGRLGKVEKQVLSMEKKLDFLVNIYMQRMGIPPTETEAYFGAKEPEPAPPYHSPEDSREHVDRHGCIVKIVRSSSSTGQKNFSAPPAAPPVQCPPSTSWQPQSHPRQGHGTSPVGDHGSLVRIPPPPAHERSLSAYGGGNRASMEFLRQEDTPGCRPPEGNLRDSDTSISIPSVDHEELERSFSGFSISQSKENLDALNSCYAAVAPCAKVRPYIAEGESDTDSDLCTPCGPPPRSATGEGPFGDVGWAGPRK C.Insufficient information to answer the question. D.MVQKSRNGGVYPGPSGEKKLKVGFVGLDPGAPDSTRDGALLIAGSEAPKRGSILSKPRAGGAGAGKPPKRNAFYRKLQNFLYNVLERPRGWAFIYHAYVFLLVFSCLVLSVFSTIKEYEKSSEGALYILEIVTIVVFGVEYFVRIWAAGCCCRYRGWRGRLKFARKPFCVIDIMVLIASIAVLAAGSQGNVFATSALRSLRFLQILRMIRMDRRGGTWKLLGSVVYAHSKELVTAWYIGFLCLILASFLVYLAEKGENDHFDTYADALWWGLITLTTIGYGDKYPQTWNGRLLAATFTLIGVSFFALPAGILGSGFALKVQEQHRQKHFEKRRNPAAGLIQSAWRFYATNLSRTDLHSTWQYYERTVTVPMYSSQTQTYGASRLIPPLNQLELLRNLKSKSGLAFRKDPPPEPSPSKGSPCRGPLCGCCPGRSSQKVSLKDRVFSSPRGVAAKGKGSPQAQTVRRSPSADQSLEDSPSKVPKSWSFGDRSRARQAFRIKGAASRQNSEEASLPGEDIVDDKSCPCEFVTEDLTPGLKVSIRAVCVMRFLVSKRKFKESLRPYDVMDVIEQYSAGHLDMLSRIKSLQSRVDQIVGRGPAITDKDRTKGPAEVELPEDPSMMGRLGKVEKQVLSMEKKLDFLVNIYMQRMGIPPTETEAYFGAKEPEPAPPYHSPEDSREHVDRHGCIVKIVRSSSSTGQKNFSAPPAAPPVQCPPSTSWQPQSHPRQGHGTSPVGDHGSLVRIPPPPAHERSLSAYGGGNRASMEFLRQEDTPGCRPPEGNLRDSDTSISIPSVDHEELERSFSGFSISQSKENLDALNSCYAAVAPCAKVRPYIAEGESDTDSDLCTPCGPPPRSATGEGPFGDVGWAGPRK E.MVQKSRNGGVYPGPSGEKKLKVGFVGLDPGAPDSTRDGALLIAGSEAPKRGSILSKPRAGGAGAGKPPKRNAFYRKLQNFLYNVLERPRGWAFIYHAYVFLLVFSCLVLSVFSTIKEYEKSSEGALYILEIVTIVVFGVEYFVRIWAAGCCCRYRGWRGRLKFARKPFCVIDIMVLIASIAVLAAGSQGNVFATSALRSLRFLQILRMIRMDRRGGTWKLLGSVVYAHSKELVTAWYIGFLCLILASFLVYLAEKGENDHFDTYADALWWGLITLTTIGYGDKYPQTWNGRLLAATFTLIGVSFFALPAGILGSGFALKVQEQHRQKHFEKRRNPAAGLIQSAWRFYATNLSRTDLHSTWQYYERTVTVPMYSSQTQTYGASRLIPPLNQLELLRNLKSKSGLAFRKDPPPEPSPSKVSPCRGPLCGCCPGRSSQKVSLKDRVFSSPRGVAAKGKGSPQAQTVRRSPSADQSLEDSPSKVPKSWSFGDRSRARQAFRIKGAASRQNSEEASLPGEDIVDDKSCPCEFVTEDLTPGLKVSIRAVCVMRFLVSKRKFKESLRPYDVMDVIEQYSAGHLDMLSRIKSLQSRVDQIVGRGPAITDKDRTKGPAEAELPEDPSMMGRLGKVEKQVLSMEKKLDFLVNIYMQRMGIPPTETEAYFGAKEPEPAPPYHSPEDSREHVDRHGCIVKIVRSSSSTGQKNFSAPPAAPPVQCPPSTSWQPQSHPRQGHGTSPVGDHGSLVRIPPPPAHERSLSAYGGGNRASMEFLRQEDTPGCRPPEGNLRDSDTSISIPSVDHEELERSFSGFSISQSKENLDALNSCYAAVAPCAKVRPYIAEGESDTDSDLCTPCGPPPRSATGEGPFGDVGWAGPRK You MUST include the letter of the correct answer within the following tags: [ANSWER] and [/ANSWER]. For example, '[ANSWER]<answer>[/ANSWER]', where <answer> is the correct letter. Always answer in exactly this format of a single letter between the two tags, even if you are unsure. We require this because we use automatic parsing.","B"
"23","gwas_variant_prioritization","21","Your task is to identify the most promising variant associated wtih a given GWAS phenotype for futher examination. From the list, prioritize the top associated variant (matching one of the given variant). GWAS phenotype: L-Acetylcarnitine|Hexanoylcarnitine Variants: rs4587594, rs558971, rs10903129, rs4503368, rs7529794, rs2547231, rs154657, rs4949874, rs9392556, rs1395, rs2073547","rs4949874"
"24","lab_bench_dbqa","251","The following is a multiple choice question about biology. Please answer by responding with the letter of the correct answer. Question: Which of the following genes has a DYRK1A binding site located within its promoter region (-1000,+100 bp around its TSS) according to the Gene Transcription Regulation Database? Options: A.AGAP1 B.RAMAC C.GRIN3B D.Insufficient information to answer the question. E.MACROD1 You MUST include the letter of the correct answer within the following tags: [ANSWER] and [/ANSWER]. For example, '[ANSWER]<answer>[/ANSWER]', where <answer> is the correct letter. Always answer in exactly this format of a single letter between the two tags, even if you are unsure. We require this because we use automatic parsing.","B"
"25","lab_bench_seqqa","571","The following is a multiple choice question about biology. Please answer by responding with the letter of the correct answer. Question: How many fragments should I expect to see when I digest the sequence CATATGTTTGGGTTTTTAGGATAGATCCAATCACAGCGGCCCCTCGTACGGTCGCCGGATCGTGTTTCAACCGGCGTACGAATGCTAAGTGGCCAAAATCAGACGGCGAACGACGATGTCACGACACCTCGCATGTCACAATTATGGGAGCACGCTGTTAATACAGCGCAGTGACCGGGCGCCGATAAGCAAGCACAGCACCGACAACTGGCAATAGCTGGACAGTATTGAGGAAGAAGGCTCGCGAAGAAACTATCATCAAGGGCTAGAATCTTCAATAGCACAATCGATGTGACCTGGGTTTAAGTTCCCATGCCTGGGTGCTGATTAAAAGCTACTCATCATTCTAAGATCCCGTCTTCTGCTCGGTTATATTTCCCTAATTCGGGACATACCGTTTAAATATCCGAGCAAATTCCATTGTCACAGGGACAGGTCATAATGTGGCAGACAGCCGATATAAGGGGCCCGTGAGGCCATTGCTGAAGAGTGACGTGTCATTGCCGGGTCGCCCAGGACCCGGGAGAATTTGCTGGAGCGACACGATTGGCGCCCAACAGTCGGCCCAGTCATCAAGTTGAATAGCGCGGGAGGTCCAAAACTTTTCAAAGCGGACGATAATTGGTTGTGTCCGTAAATGATGAACTCGGCGCGGCGGAGGATCGTCAACGGGTAGGGGTAGTGTCTATTCCGGGGCCAACACATTGTTGCGATACTAGAGTTTATTCGGGCGGGGAACTCTAAATTGTGGGCCTTGCAATAGTGTTCCTCCTTTGGCGTACCGCGCGATCATTGATGCTACCCTTGATAGGGGAAAGCCATATATCAGGTCCTGTAAGTCCTTATAAGATCAATGTAGGAATAGGTGAGGCCGGTAAGGGCGCCCAGGCGATTGTACAAATATGACTAGATCGCCACAGGAGCGGGGAGAGATCAGTTTAACTTGGACCTGCTAACTGAGACCGGTCCAACTTGAGTACTACGAACGGTTAATCTGCGT with the enzymes BstH2I? Options: A.4 B.6 C.Insufficient information to answer the question. D.5 E.3 F.2 You MUST include the letter of the correct answer within the following tags: [ANSWER] and [/ANSWER]. For example, '[ANSWER]<answer>[/ANSWER]', where <answer> is the correct letter. Always answer in exactly this format of a single letter between the two tags, even if you are unsure. We require this because we use automatic parsing.","A"
"26","gwas_causal_gene_opentargets","642","Your task is to identify likely causal genes within a locus for a given GWAS phenotype. From the list, provide only the likely causal gene (matching one of the given genes). Identify the causal gene. GWAS phenotype: Skin changes due to chronic exposure to nonionizing radiation Genes in locus: {ANKRD11},{CDK10},{CHMP1A},{CPNE7},{DBNDD1},{DEF8},{DPEP1},{ENSG00000198211},{FANCA},{GAS8},{MC1R},{PRDM7},{RPL13},{SPATA2L},{SPATA33},{SPG7},{SPIRE2},{TCF25},{TUBB3},{VPS9D1},{ZNF276}","MC1R"
"27","lab_bench_dbqa","134","The following is a multiple choice question about biology. Please answer by responding with the letter of the correct answer. Question: Which of the following genes is most likely contained in the gene set MP_INCREASED_CARCINOMA_INCIDENCE, which contains mouse genes annotated to increased carcinoma incidence (MP:0002038) retrieved from the Mouse Genome Informatics database via MouseMine Options: A.Cdkn2a B.Plg C.Tnfrsf14 D.Ggta1 E.Insufficient information to answer the question. You MUST include the letter of the correct answer within the following tags: [ANSWER] and [/ANSWER]. For example, '[ANSWER]<answer>[/ANSWER]', where <answer> is the correct letter. Always answer in exactly this format of a single letter between the two tags, even if you are unsure. We require this because we use automatic parsing.","A"
"28","gwas_causal_gene_opentargets","745","Your task is to identify likely causal genes within a locus for a given GWAS phenotype. From the list, provide only the likely causal gene (matching one of the given genes). Identify the causal gene. GWAS phenotype: D-dimer levels (D dimer measurement) Genes in locus: {ATP1B1},{BLZF1},{C1orf112},{CCDC181},{F5},{KIFAP3},{METTL18},{NME7},{SCYL3},{SELE},{SELL},{SELP},{SLC19A2}","F5"
"29","gwas_causal_gene_pharmaprojects","1453","Your task is to identify likely causal genes within a locus for a given GWAS phenotype. From the list, provide only the likely causal gene (matching one of the given genes). Identify the causal gene. GWAS phenotype: Diabetes Mellitus, Type 2 Genes in locus: {MKRN2},{MKRN2OS},{PPARG},{RAF1},{SYN2},{TAMM41},{TIMP4},{TSEN2},{VGLL4}","PPARG"
"30","lab_bench_seqqa","417","The following is a multiple choice question about biology. Please answer by responding with the letter of the correct answer. Question: I want to clone a gene with the sequence ATGAGTAAAAGCCGCTTAACGGTGTTTAGTTTCGTTCGCCGTTTTCTTTTGCGGTTAATGGTTGTCCTCGCCGTTTTCTGGGGCGGGGGCATCGCGTTGTTTAGCGTTGCGCCTGTTCCCTTCTCAGCGGTAATGGTCGAGCGACAGGTCAGCGCCTGGCTGCATGGCAATTTTCGTTACGTGGCACATTCTGACTGGGTCAGTATGGATCAAATCTCGCCGTGGATGGGACTGGCGGTGATTGCCGCAGAAGATCAGAAATTTCCTGAGCACTGGGGCTTTGATGTCGCTTCCATTGAGAAAGCCCTGGCGCACAACGAGCGCAATGAAAACCGTATTCGCGGTGCTTCAACGATTTCTCAACAGACAGCCAAAAATCTCTTTTTATGGGATGGGCGTAGCTGGGTTCGAAAAGGGCTGGAAGCCGGATTAACGCTGGGGATAGAAACGGTCTGGAGCAAAAAGCGTATCCTGACGGTTTACCTGAATATCGCCGAATTTGGCGACGGTGTGTTTGGCGTCGAAGCTGCGGCACAACGTTATTTCCACAAACCCGCGAGCAAACTTACCCGGTCGGAAGCTGCATTACTGGCAGCTGTATTACCTAATCCACTTCGTTTCAAAGTCTCCTCGCCATCGGGCTACGTGCGTAGCCGTCAGGCGTGGATTTTACGGCAGATGTATCAGTTAGGCGGTGAGCCGTTTATGCAACAACACCAGCTGGATTAA into the pUC19 plasmid using restriction-ligation cloning. Which of the following primer pairs should I use to do the cloning with the enzymes XmaI and EcoRI? Options: A.AAGCTTATGAGTAAAAGCCGCTTAACGGTG, GAATTCTTAATCCAGCTGGTGTTGTTGCA B.CCCGGGATGAGTAAAAGCCGCTTAACGGTG, GAATTCTTAATCCAGCTGGTGTTGTTGCA C.CCCGGGATGTGAGTAAAAGCCGCTTAACGGTGTTTA, GAATTCTAATCCAGCTGGTGTTGTTGCATAA D.CCCGGGATGGCGGAAAGCTTTACGACGACTAA, GAATTCTTAATCGTCAGAATCGGTGTAGTC E.Insufficient information to answer the question. You MUST include the letter of the correct answer within the following tags: [ANSWER] and [/ANSWER]. For example, '[ANSWER]<answer>[/ANSWER]', where <answer> is the correct letter. Always answer in exactly this format of a single letter between the two tags, even if you are unsure. We require this because we use automatic parsing.","B"
