sample_index,task_name,task_instance_id,input_query,dataset_eval1_answer
1,lab_bench_dbqa,387,"The following is a multiple choice question about biology. Please answer by responding with the letter of the correct answer. Question: According to ClinVar, which of the following sequences is most likely to be benign? Options: A.MADEKTFRIGFIVLGLFLLALGTFLMSHDRPQVYGTFYAMGSVMVIGGIIWSMCQCYPKITFVPADSDFQGILSPKAMGLLENGLAAEMKSPSPQPPYVRLWEEAAYDQSLPDFSHIQMKVMSYSEDHRSLLAPEMGQPKLGTSDGGEGGPGDVQAWMEAAVVIHKGSDESEGERRLTQSWPGPLACPQGPAPLASFQDDLDMDSSEGSSPNASPHDREEACSPQQEPQGCRCPLDRFQDFALIDAPTLEDEPQEGQQWEIALPNNWQRYPRTKVEEKEASDTGGEEPEKEEEDLYYGLPDGAGDLLPDKELGFEPDTQG B.MADEKTFRIGFIVLGLFLLALGTFLMSHDRPQVYGTFYAMGSVMVIRGIIWSMCQCYPKITFVPADSDFQGILSPKAMGLLENGLAAEMKSPSPQPPYVRLWEEAAYDQSLPDFSHIQMKVMSYSEDHRSLLAPEMGQPKLGTSDGGEGGPGDVQAWMEAAVVIHKGSDESEGERRLTQSWPGPLACPQGPAPLASFQDDLDMDSSEGSSPNASPHDREEACSPQQEPQGCRCPLDRFQDFALIDAPTLEDEPQEGQQWEIALPNNWQRYPRTKVEEKEASDTGGEEPEKEEEDLYYGLPDGAGDLLPDKELGFEPDTQG C.MADEKTFWIGFIVLGLFLLALGTFLMSHDRPQVYGTFYAMGSVMVIGGIIWSMCQCYPKITFVPADSDFQGILSPKAMGLLENGLAAEMKSPSPQPPYVRLWEEAAYDQSLPDFSHIQMKVMSYSEDHRSLLAPEMGQPKLGTSDGGEGGPGDVQAWMEAAVVIHKGSDESEGERRLTQSWPGPLACPQGPAPLASFQDDLDMDSSEGSSPNASPHDREEACSPQQEPQGCRCPLDRFQDFALIDAPTLEDEPQEGQQWEIALPNNWQRYPRTKVEEKEASDTGGEEPEKEEEDLYYGLPDGAGDLLPDKELGFEPDTQG D.MADEKTFRIGFIVLGLFLLALGTFLMSHDRPQLYGTFYAMGSVMVIGGIIWSMCQCYPKITFVPADSDFQGILSPKAMGLLENGLAAEMKSPSPQPPYVRLWEEAAYDQSLPDFSHIQMKVMSYSEDHRSLLAPEMGQPKLGTSDGGEGGPGDVQAWMEAAVVIHKGSDESEGERRLTQSWPGPLACPQGPAPLASFQDDLDMDSSEGSSPNASPHDREEACSPQQEPQGCRCPLDRFQDFALIDAPTLEDEPQEGQQWEIALPNNWQRYPRTKVEEKEASDTGGEEPEKEEEDLYYGLPDGAGDLLPDKELGFEPDTQG E.Insufficient information to answer the question. You MUST include the letter of the correct answer within the following tags: [ANSWER] and [/ANSWER]. For example, '[ANSWER]<answer>[/ANSWER]', where <answer> is the correct letter. Always answer in exactly this format of a single letter between the two tags, even if you are unsure. We require this because we use automatic parsing.",A
2,screen_gene_retrieval,259,"Your task is to identify the gene with the strongest perturbation effect for the following research context: I hope to study the mechanisms by which THP-1 monocytic leukemia cells develop increased resistance to Dinaciclib when exposed to a dosage of 10.0 nM over a 21-day period, thereby identifying potential genetic or biochemical pathways involved in drug resistance. From the following list of candidate genes, select the ONE gene that would have the strongest perturbation effect in this experimental context: Candidate genes: HSD17B6, CWF19L2, NPAP1, DHODH, CORO1C, TRIM8, TIMP2, PDCD6, LRRC61, TAF5L, PNN Output only the gene symbol of your choice, e.g., BRCA1",DHODH
3,gwas_variant_prioritization,88,"Your task is to identify the most promising variant associated wtih a given GWAS phenotype for futher examination. From the list, prioritize the top associated variant (matching one of the given variant). GWAS phenotype: 5-Hydroxy-L-tryptophan Variants: rs7700133, rs855791, rs1667255, rs12498742, rs4921914, rs2066938, rs12709013, rs499368, rs646776, rs2160860, rs838876",rs2160860
4,gwas_causal_gene_opentargets,27,"Your task is to identify likely causal genes within a locus for a given GWAS phenotype. From the list, provide only the likely causal gene (matching one of the given genes). Identify the causal gene. GWAS phenotype: arthrosis of hip (heel bone mineral density) Genes in locus: {APPBP2},{BCAS3},{PPM1D},{TBX2}",TBX4
5,lab_bench_seqqa,187,"The following is a multiple choice question about biology. Please answer by responding with the letter of the correct answer. Question: I want to clone the torA gene from E. coli into the plasmid pUC19 using restriction-ligation cloning. Which of the following primer pairs should I use to do the cloning with the enzymes SmaI and XmaI? Options: A.CCCGGGATGGAACAATAACGATCTCTTTCAG, CCCGGGCATGATTTCACCTGCGAC B.GGTACCATGAACAATAACGATCTCTTTCAGGCA, GCAGGTTCATGATTTCACCTGCGACGC C.Insufficient information to answer the question. D.CCCGGGATGAACAATAACGATCTCTTTCAGGCA, CCCGGGTCATGATTTCACCTGCGACGC E.CCCGGGATGATGATGATGCAATCGCGAA, CCCGGGTCAGGCATTCCTCTTCTGGCGTTCAA You MUST include the letter of the correct answer within the following tags: [ANSWER] and [/ANSWER]. For example, '[ANSWER]<answer>[/ANSWER]', where <answer> is the correct letter. Always answer in exactly this format of a single letter between the two tags, even if you are unsure. We require this because we use automatic parsing.",D
6,lab_bench_seqqa,418,"The following is a multiple choice question about biology. Please answer by responding with the letter of the correct answer. Question: I want to clone a gene with the sequence ATGAGTGCCAATGAAAACAACCTGATTTGGATCGATCTTGAGATGACCGGTCTGGATCCCGAGCGCGATCGCATTATTGAGATTGCCACGCTGGTGACCGATGCCAACCTGAATATTCTGGCAGAAGGGCCGACCATTGCAGTACACCAGTCTGATGAACAGCTGGCGCTGATGGATGACTGGAACGTGCGCACCCATACCGCCAGCGGGCTGGTAGAGCGCGTGAAAGCGAGCACGATGGGCGATCGGGAAGCTGAACTGGCAACGCTCGAATTTTTAAAACAGTGGGTGCCTGCGGGAAAATCGCCGATTTGCGGTAACAGCATCGGTCAGGACCGTCGTTTCCTGTTTAAATACATGCCGGAGCTGGAAGCCTACTTCCACTACCGTTATCTCGATGTCAGCACCCTGAAAGAGCTGGCGCGCCGCTGGAAGCCGGAAATTCTGGATGGTTTTACCAAGCAGGGGACGCATCAGGCGATGGATGATATCCGTGAATCGGTGGCGGAGCTGGCTTACTACCGCGAGCATTTTATCAAGCTGTAA into the pUC19 plasmid using restriction-ligation cloning. Which of the following primer pairs should I use to do the cloning with the enzymes XmaI and EcoRI? Options: A.CCCGGGGTGTCAGACACACTCCCCGGGACAACAC, GAATTCTTAATTTTTCATTTCGGGCGTC B.Insufficient information to answer the question. C.GAGCTCATGAGTGCCAATGAAAACAACCTGATT, CCTGCAGGTTACAGCTTGATAAAATGCTCGCGG D.CCCGGGATGAGTGCCAATGAAAACAACCTGATT, GAATTCTTACAGCTTGATAAAATGCTCGCGG E.CCCGGGATGTGAGTGCCAATGAAAACAACCTG, GAATTCACAGCTTGATAAAATGCTC You MUST include the letter of the correct answer within the following tags: [ANSWER] and [/ANSWER]. For example, '[ANSWER]<answer>[/ANSWER]', where <answer> is the correct letter. Always answer in exactly this format of a single letter between the two tags, even if you are unsure. We require this because we use automatic parsing.",D
7,lab_bench_seqqa,327,"The following is a multiple choice question about biology. Please answer by responding with the letter of the correct answer. Question: Which primer pair could I use to generate a 401 bp amplicon from the following template: TAACTCCGTGACTTATCAAAGAAAGTATGACGAGACCGCTTTTCCAACAGTTGGGGGGTAACTAACGAACCCGGGGGCCCGCATAGGACACATCAAATCCCTGCTCGACCTGTGCGGTCTGGAAAGGGTAGCCTCTGTGCCTCAAACCCGATTATCTGCAGCCTTGCCGTAAGGGGCCCTAGGATGTAAAGATACTCGCGGTGCCCAGTGCTGTCCAGTCATTCCCCCGAAGATGACCGCAACCTATGTTTTTGCCCGTTAGTTGACGCGCATTTAGGGTCTACCCCCCGCAGATGGTCGCTAAGCAGGCCTCGAAGCAGACTCTAATCTTCGTTAACGGGTAATTGGTCGGAGCGCAGCTAGCGGGTCTTCGATGAGCTTTTTATGAGACCCATGCCCACTGCCTCTATATTAGAAGGTCCTATTACAGCGGGCTGGTCGGCCCGGTACTGAAAGTTTTTTTCTTTACCCCTTACTTGGTATCTGGATCTGGTCGGGCCGTGGACTCCCCTCCCGCCGATTTTCACTGAACGTGCTTGTGACCTATAGCAGATGGCATTGTAGTACCGGCTAGTACATCAGTCGGAACCATCTTTTTCCTCTCAAAAGGGTCCCATGTTCTAAGGTTCTTTGTACGAATAGGTGTTGCGAAAAGAAATCCCTGTAACTTTCCTGGACATACGTGAGCTGAGATTCAAGCGTATGAACGTAGTGGGCGGCCTGATCACTGCGGCAACCAATCGCGGTAGGGCATAAATACCGGTACAGCTTGTCAACCTCTTGCCGCGATCACCAGCTCGCCTGTGCCTACGTCGTGCTGCTCATTGACCTCTGCCGTACTCGTTGTTTTCTGGGCAATGGGAGGCAAGTATGATTTCAATTGAGTCACCTAATAGACGGGATCCTGGACTAAGCAGGGATATGTGCAGTGGGGGGCATTGCATCAACTTCATCGCCTTGCGGGCAGACTTAATTTTACCTGTGTCTATCGCTCGTACAT? Options: A.GTCCAGTCATTCCCCCGAAGATGA, TGGGAGGCAAGTATGATTTCAATTGA B.Insufficient information to answer the question. C.ATTTAGGGTCTACCCCCCGCA, GAAAGTTACAGGGATTTCTTTT D.AACGGGTAATTGGTCGGAGCGCA, GTCGGAACCATCTTTTTCCTCTCAAA E.ATTATCTGCAGCCTTGCCGTAAGGG, CGAAAAGAAATCCCTGTAACTTTCCT You MUST include the letter of the correct answer within the following tags: [ANSWER] and [/ANSWER]. For example, '[ANSWER]<answer>[/ANSWER]', where <answer> is the correct letter. Always answer in exactly this format of a single letter between the two tags, even if you are unsure. We require this because we use automatic parsing.",C
8,screen_gene_retrieval,88,"Your task is to identify the gene with the strongest perturbation effect for the following research context: I hope to study how prolonged exposure to 2.0 ¬µM Apalutamide over a 6-week period affects the development of drug resistance mechanisms in LNCaP prostate cancer cells. By examining changes in cellular response to Apalutamide, we aim to identify potential biomarkers or pathways that contribute to increased drug resistance. From the following list of candidate genes, select the ONE gene that would have the strongest perturbation effect in this experimental context: Candidate genes: AGTR1, IER5L, ACACA, ZBTB17, CLPTM1L, GC, SPINT1, DNAJC5, TLE3, BRWD3, SF3A1 Output only the gene symbol of your choice, e.g., BRCA1",TLE3
9,gwas_causal_gene_opentargets,200,"Your task is to identify likely causal genes within a locus for a given GWAS phenotype. From the list, provide only the likely causal gene (matching one of the given genes). Identify the causal gene. GWAS phenotype: Prostate carcinoma Genes in locus: {MYC},{POU5F1B}",PVT1
10,screen_gene_retrieval,201,"Your task is to identify the gene with the strongest perturbation effect for the following research context: I hope to study how negative regulators of autophagy affect protein/peptide accumulation over a 2-week timecourse in HEK293T embryonic kidney cells. This will help in identifying key factors that inhibit autophagy, contributing to our understanding of cellular mechanisms related to protein/peptide homeostasis. From the following list of candidate genes, select the ONE gene that would have the strongest perturbation effect in this experimental context: Candidate genes: MIR3142, OR10P1, EGFP, PARG, USP2, GABARAP, UBE2G2, chr6:31608161-31608305, METTL23, chr11:62301430-62301546, ANTXR1 Output only the gene symbol of your choice, e.g., BRCA1",GABARAP
